File Name,Genre,Title,Artist,GT Key,Key Name
blues.00000.wav,blues,"One Bourbon, One Scotch, One Beer",John Lee Hooker,10,G
blues.00001.wav,blues,I'm In the Mood,John Lee Hooker,10,G
blues.00002.wav,blues,Think Twice Before You Go (feat. Los Lobos),John Lee Hooker,7,E
blues.00003.wav,blues,I'm Bad Like Jesse James (Live),John Lee Hooker,19,Em
blues.00004.wav,blues,Walkin' the Boogie,John Lee Hooker,13,A#m
blues.00005.wav,blues,Sugar Mama,John Lee Hooker,10,G
blues.00006.wav,blues,Dreamin' Blues,John Lee Hooker,20,Fm
blues.00007.wav,blues,Ground Hog Blues,John Lee Hooker,13,A#m
blues.00008.wav,blues,Shake It Baby,John Lee Hooker,19,Em
blues.00009.wav,blues,It's My Own Fault | Hey Baby (Medley),John Lee Hooker,22,Gm
blues.00010.wav,blues,Lonely Boy Boogie,John Lee Hooker,20,Fm
blues.00011.wav,blues,It Serves You Right to Suffer,John Lee Hooker,7,E
blues.00012.wav,blues,Cross Road Blues,Robert Johnson,14,Bm
blues.00013.wav,blues,Terraplane Blues,Robert Johnson,13,A#m
blues.00014.wav,blues,#030: Obsession,This American Life,13,A#m
blues.00015.wav,blues,Walkin' Blues,Robert Johnson,13,A#m
blues.00016.wav,blues,I Believe I'll Dust My Broom,Robert Johnson,12,Am
blues.00017.wav,blues,32-20 Blues,Robert Johnson,12,Am
blues.00018.wav,blues,Kind Hearted Woman Blues,Robert Johnson,13,A#m
blues.00019.wav,blues,If I Had Possession Over Judgement Day,Robert Johnson,12,Am
blues.00020.wav,blues,Preachin' Blues (Up Jumped the Devil),Robert Johnson,19,Em
blues.00021.wav,blues,When You Got a Good Friend,Robert Johnson,20,Fm
blues.00022.wav,blues,Ramblin' On My Mind,Robert Johnson,20,Fm
blues.00023.wav,blues,Stones In My Passway,Robert Johnson,12,Am
blues.00024.wav,blues,Traveling Riverside Blues,Robert Johnson,13,A#m
blues.00025.wav,blues,Love In Vain,Robert Johnson,13,A#m
blues.00026.wav,blues,Me and the Devil Blues,Robert Johnson,13,A#m
blues.00027.wav,blues,Hellhound On My Trail,Robert Johnson,13,A#m
blues.00028.wav,blues,Traveling Riverside Blues,Robert Johnson,13,A#m
blues.00029.wav,blues,House Carpenter,Kelly Joe Phelps,17,Dm
blues.00030.wav,blues,River Rat Jimmy,Kelly Joe Phelps,15,Cm
blues.00031.wav,blues,Hobo's Son,Kelly Joe Phelps,5,D
blues.00032.wav,blues,Katy,Kelly Joe Phelps,15,Cm
blues.00033.wav,blues,Wandering Away,Kelly Joe Phelps,8,F
blues.00034.wav,blues,Dock Boggs Country Blues,Kelly Joe Phelps,17,Dm
blues.00035.wav,blues,Capman Bootman,Kelly Joe Phelps,1,A#
blues.00036.wav,blues,Train Carried My Girl from Town,Kelly Joe Phelps,8,F
blues.00037.wav,blues,Piece By Piece,Kelly Joe Phelps,20,Fm
blues.00038.wav,blues,Many a Time,Kelly Joe Phelps,6,D#
blues.00039.wav,blues,Goodnight Irene,Kelly Joe Phelps,8,F
blues.00040.wav,blues,Love Struck Baby,Stevie Ray Vaughan & Double Trouble,11,G#
blues.00041.wav,blues,Pride and Joy,Stevie Ray Vaughan & Double Trouble,19,Em
blues.00042.wav,blues,Texas Flood,Stevie Ray Vaughan & Double Trouble,22,Gm
blues.00043.wav,blues,Tell Me,Stevie Ray Vaughan & Double Trouble,14,Bm
blues.00044.wav,blues,Testify,Stevie Ray Vaughan & Double Trouble,18,D#m
blues.00045.wav,blues,Rude Mood,Stevie Ray Vaughan & Double Trouble,18,D#m
blues.00046.wav,blues,Mary Had a Little Lamb,Stevie Ray Vaughan & Double Trouble,18,D#m
blues.00047.wav,blues,Dirty Pool,Stevie Ray Vaughan & Double Trouble,16,C#m
blues.00048.wav,blues,I'm Cryin',Stevie Ray Vaughan & Double Trouble,6,D#
blues.00049.wav,blues,Lenny,Stevie Ray Vaughan & Double Trouble,18,D#m
blues.00050.wav,blues,What's Wrong,Magic Slim,14,Bm
blues.00051.wav,blues,Snakebite,Magic Slim & The Teardrops,19,Em
blues.00052.wav,blues,Please Don't Dog Me,Magic Slim,22,Gm
blues.00053.wav,blues,Key to Your Door,Magic Slim & The Teardrops,23,G#m
blues.00054.wav,blues,Shake It,Magic Slim & The Teardrops,12,Am
blues.00055.wav,blues,I Ain't Looking for No Love,Magic Slim & The Teardrops,22,Gm
blues.00056.wav,blues,Country Boy,Magic Slim & The Teardrops,19,Em
blues.00057.wav,blues,Lump On Your Stump,Magic Slim & The Teardrops,14,Bm
blues.00058.wav,blues,Lonesome Trouble,Magic Slim & The Teardrops,22,Gm
blues.00059.wav,blues,The Man You Need,Magic Slim & The Teardrops,22,Gm
blues.00060.wav,blues,Mind Your Own Business,Magic Slim & The Teardrops,12,Am
blues.00061.wav,blues,Boppin' The Rock,Clifton Chenier,22,Gm
blues.00062.wav,blues,The Things I Did For You (Take 1),Clifton Chenier,22,Gm
blues.00063.wav,blues,Yesterday (I Lost My Best Friend) [Take 4],Clifton Chenier,20,Fm
blues.00064.wav,blues,Squeeze-Box Boogie,Clifton Chenier,20,Fm
blues.00065.wav,blues,I'm On My Way (Part 1),Clifton Chenier,15,Cm
blues.00066.wav,blues,Ay-Te Te Fee (Take 8),Clifton Chenier,22,Gm
blues.00067.wav,blues,All Night Long,Clifton Chenier,22,Gm
blues.00068.wav,blues,Opelousas Hop,Clifton Chenier,8,F
blues.00069.wav,blues,I'm On My Way (Part 2),Clifton Chenier,22,Gm
blues.00070.wav,blues,Think It Over (Take 4),Clifton Chenier,20,Fm
blues.00071.wav,blues,Zodico Stomp,Clifton Chenier,20,Fm
blues.00072.wav,blues,The Cat's Dreamin',Clifton Chenier,20,Fm
blues.00073.wav,blues,I Bought a Racoon,Buckwheat Zydeco Ils Sont Partis,18,D#m
blues.00074.wav,blues,"Bim Bam, Thank You Mam",Buckwheat Zydeco Ils Sont Partis,18,D#m
blues.00075.wav,blues,Ya Ya,Buckwheat Zydeco,15,Cm
blues.00076.wav,blues,Buck's Nouvelle Jole Blon,Buckwheat Zydeco,13,A#m
blues.00077.wav,blues,On a Night Like This,Buckwheat Zydeco,20,Fm
blues.00078.wav,blues,Hot Tamale Baby,Buckwheat Zydeco,18,D#m
blues.00079.wav,blues,Ma Tit Fille,Buckwheat Zydeco,18,D#m
blues.00080.wav,blues,Hey Good Lookin',Buckwheat Zydeco,15,Cm
blues.00081.wav,blues,Buck's Hot Rod,Buckwheat Zydeco,22,Gm
blues.00082.wav,blues,Why Does Love Got To Be So Sad,Buckwheat Zydeco,12,Am
blues.00083.wav,blues,Drivin Old Grey,Buckwheat Zydeco,13,A#m
blues.00084.wav,blues,Zydeco Honky Tonk,Buckwheat Zydeco,18,D#m
blues.00085.wav,blues,Crow Jane,Hot Toddy,22,Gm
blues.00086.wav,blues,Cross Cut Saw,Hot Toddy,22,Gm
blues.00087.wav,blues,Right from the Start,Hot Toddy,21,F#m
blues.00088.wav,blues,She's My Girl,Hot Toddy,-1,unknown/modulation
blues.00089.wav,blues,I Wish You Would,Hot Toddy,12,Am
blues.00090.wav,blues,One More Night,Hot Toddy,19,Em
blues.00091.wav,blues,Rescue Me,Hot Toddy,19,Em
blues.00092.wav,blues,Neighbors Land,Hot Toddy,-1,unknown/modulation
blues.00093.wav,blues,Mermaids Flirt With Me,Hot Toddy,19,Em
blues.00094.wav,blues,My Babe,Hot Toddy,12,Am
blues.00095.wav,blues,Down By the Riverside,Hot Toddy,19,Em
blues.00096.wav,blues,Long Distance,Hot Toddy,19,Em
blues.00097.wav,blues,T-Bone Shuffle,Hot Toddy,12,Am
blues.00098.wav,blues,Iceman,Albert Collins,15,Cm
blues.00099.wav,blues,Lights Are On (But Nobody's Home) [Live],Albert Collins,15,Cm
classical.00000.wav,classical,"Concerto for Oboe d'amore, Strings, and Continuo in D Major, BWV 1053: I. (Allegro) [Reconstruction: Arnold Mehl]",Heinz Holliger & Camerata Bern,5,D
classical.00001.wav,classical,UNKNOWN TITLE,UNKNOWN ARTIST,-1,unknown/modulation
classical.00002.wav,classical,"Concerto for Oboe d'amore, Strings, and Continuo in D Major, BWV 1053: III. Allegro (Reconstruction: Arnold Mehl)",Heinz Holliger & Camerata Bern,5,D
classical.00003.wav,classical,"Cantata ""Ich Steh Mit Einem Fur Im Grabe"", BWV 156: Sinfonia",Heinz Holliger & Camerata Bern,8,F
classical.00004.wav,classical,"Canonic Trio in F, BWV 1040","Heinz Holliger, Thomas Zehetmair, Massimo Polidori & Andreas Erismann",8,F
classical.00005.wav,classical,"Oboe Concerto in E-Flat, Wq 165: I. Allegro",Heinz Holliger & Camerata Bern,6,D#
classical.00006.wav,classical,"Oboe Concerto in E-Flat, Wq 165: II. Adagio ma non troppo",Heinz Holliger & Camerata Bern,6,D#
classical.00007.wav,classical,"Oboe Concerto in E-Flat, Wq 165: III. Allegro ma non troppo",Heinz Holliger & Camerata Bern,6,D#
classical.00008.wav,classical,"Oboe Concerto in B-Flat, Wq 164: I. Allegretto",Heinz Holliger & Camerata Bern,6,A#
classical.00009.wav,classical,"Oboe Concerto in B-Flat, Wq 164: II. Largo e mesto",Heinz Holliger & Camerata Bern,6,A#
classical.00010.wav,classical,"Oboe Concerto in B-Flat, Wq 164: III. Allegro moderato",Heinz Holliger & Camerata Bern,6,A#
classical.00011.wav,classical,"Symphony No. 36 in C Major, K425 'Linz': I. Adagio: Allegro spiritoso",Gunther Hasselmann,3,C
classical.00012.wav,classical,"Symphony No. 36 in C Major, K425 'Linz': II. Poco adagio",Gunther Hasselmann,3,C
classical.00013.wav,classical,"Symphony No. 36 in C Major, K425 'Linz': III. Menuetto",Gunther Hasselmann,3,C
classical.00014.wav,classical,"Symphony No. 36 in C, K. 425, ""Linz"": IV. Finale (Presto)",Academy of St Martin in the Fields & Sir Neville Marriner,3,C
classical.00015.wav,classical,"Symphony No. 38 in D Major, K504 'Prague': I. Adagio: Allegro",Gunther Hasselmann,5,D
classical.00016.wav,classical,"Symphony No. 38 in D Major, K504 'Prague': II. Andante",Gunther Hasselmann,5,D
classical.00017.wav,classical,"Symphony No. 38 in D Major, K. 504 ""Prague"": III. Finale (Presto)",Academy of St Martin in the Fields & Sir Neville Marriner,5,D
classical.00018.wav,classical,"Symphony No. 39 in E-Flat, K. 543: I. Adagio - Allegro",Academy of St Martin in the Fields & Sir Neville Marriner,6,D#
classical.00019.wav,classical,"Symphony No. 39 in E Flat Major, K543: II. Andante con moto",Gunther Hasselmann,6,D#
classical.00020.wav,classical,"Symphony No. 39 in E Flat Major, K543: III. Menuetto (Allegro)",Gunther Hasselmann,6,D#
classical.00021.wav,classical,"Symphony No. 39 in E-Flat Major, K. 543: IV. Finale (Allegro)",Academy of St Martin in the Fields & Sir Neville Marriner,6,D#
classical.00022.wav,classical,"Symphony No. 40 in G Minor, K. 550: I. Molto Allegro",Sir Neville Marriner & Academy of St Martin in the Fields,22,Gm
classical.00023.wav,classical,"Symphony No. 40 in G Minor, K. 550: II. Andante",Academy of St Martin in the Fields & Sir Neville Marriner,22,Gm
classical.00024.wav,classical,"Symphony No. 40 in G Minor, K. 550: III. Menuetto (Allegretto)",Academy of St Martin in the Fields & Sir Neville Marriner,22,Gm
classical.00025.wav,classical,UNKNOWN TITLE,UNKNOWN ARTIST,-1,unknown/modulation
classical.00026.wav,classical,"Symphony No. 41 in C Major, K. 551 ""Jupiter"": I. Allegro vivace",Academy of St Martin in the Fields & Sir Neville Marriner,3,C
classical.00027.wav,classical,"Symphony No. 41 in C Major, K. 551 - ""Jupiter"": II. Andante cantabile",Academy of St Martin in the Fields & Sir Neville Marriner,3,C
classical.00028.wav,classical,"Symphony No. 41 in C, K. 551 - ""Jupiter"": 3. Menuetto (Allegretto)",Sir Neville Marriner & Academy of St Martin in the Fields,3,C
classical.00029.wav,classical,"Symphony No. 41 in C Major, K. 551 - ""Jupiter"": IV. Molto allegro",Academy of St Martin in the Fields & Sir Neville Marriner,3,C
classical.00030.wav,classical,"Quartet In G Minor for Strings, Op. 10/I. Animé et très décidé","Juilliard String Quartet, Robert Mann, Joel Smirnoff, Samuel Rhodes & Joel Krosnick",22,Gm
classical.00031.wav,classical,"String Quartet in G Minor, Op. 10, L. 85: II. Assez vif et bien rythmé",Juilliard String Quartet,22,Gm
classical.00032.wav,classical,"Quartet In G Minor for Strings, Op. 10/III. Andantino, Doucement Expressif","Juilliard String Quartet, Robert Mann, Joel Smirnoff, Samuel Rhodes & Joel Krosnick",22,Gm
classical.00033.wav,classical,"Quartet In G Minor for Strings, Op. 10/IV. Très Modéré- Très Mouvement Et Avec Passion- Très Animé- Très Vivè","Juilliard String Quartet, Robert Mann, Joel Smirnoff, Samuel Rhodes & Joel Krosnick",22,Gm
classical.00034.wav,classical,Quartet In F Major for Strings/I. Allegro Moderato. Très Doux,"Juilliard String Quartet, Robert Mann, Joel Smirnoff, Samuel Rhodes & Joel Krosnick",8,F
classical.00035.wav,classical,Quartet In F Major for Strings/II. Assez Vif - Très Rythme,"Juilliard String Quartet, Robert Mann, Joel Smirnoff, Samuel Rhodes & Joel Krosnick",8,F
classical.00036.wav,classical,Quartet In F Major for Strings/III. Très Lent,"Juilliard String Quartet, Robert Mann, Joel Smirnoff, Samuel Rhodes & Joel Krosnick",8,F
classical.00037.wav,classical,Quartet In F Major for Strings/IV. Vif Et Agitè,"Juilliard String Quartet, Robert Mann, Joel Smirnoff, Samuel Rhodes & Joel Krosnick",8,F
classical.00038.wav,classical,Ainsi la Nuit for String Quartet/I. Nocturne,"Juilliard String Quartet, Robert Mann, Joel Smirnoff, Samuel Rhodes & Joel Krosnick",-1,unknown/modulation
classical.00039.wav,classical,Ainsi la Nuit for String Quartet/II. Miroir D'espace,"Juilliard String Quartet, Robert Mann, Joel Smirnoff, Samuel Rhodes & Joel Krosnick",-1,unknown/modulation
classical.00040.wav,classical,Ainsi la Nuit for String Quartet/IV. Litanies 2,"Juilliard String Quartet, Robert Mann, Joel Smirnoff, Samuel Rhodes & Joel Krosnick",-1,unknown/modulation
classical.00041.wav,classical,Ainsi la Nuit for String Quartet/VII. Temps Suspendu,"Juilliard String Quartet, Robert Mann, Joel Smirnoff, Samuel Rhodes & Joel Krosnick",-1,unknown/modulation
classical.00042.wav,classical,Sonata in the 9th Tone for 8 parts,E. Power Biggs & Vittorio Negri,-1,unknown/modulation
classical.00043.wav,classical,"Konzert Fur Waldhorn Mit Orchester - Oder Klavierbegleitung, Op. 11 (Trenner-Verz. 117): I. Allegro",Johannes Ritzkowsky & Wolfgang Swallisch,-1,unknown/modulation
classical.00044.wav,classical,Rhapsody in Blue (Live),Leonard Bernstein & Los Angeles Philharmonic,-1,unknown/modulation
classical.00045.wav,classical,"Fuge Fur Klavier, AV 81/177","Gitti Pirner, Johannes Ritzkowsky & Wolfgang Swallisch",20,Fm
classical.00046.wav,classical,"Violin Concerto No. 1, Op. 35","Kazimierz Kord, Warsaw Philharmonic Orchestra, Warsaw National Philharmonic Orchestra & Kaja Danczowska",-1,unknown/modulation
classical.00047.wav,classical,On the Town: Three Dance Episodes: 2. Lonely Town: Pas de Deux (Andante Sostenuto),Leonard Bernstein & Israel Philharmonic Orchestra,-1,unknown/modulation
classical.00048.wav,classical,Rhapsody In Blue,Andre Previn & London Symphony Orchestra,-1,unknown/modulation
classical.00049.wav,classical,"Symphony No. 1 in C, Op. 21: IV. Finale (Adagio - Allegro Molto e Vivace)",Gewandhausorchester & Kurt Masur,3,C
classical.00050.wav,classical,"Adagio for Strings, Op. 11",Leonard Bernstein & Los Angeles Philharmonic,18,A#m
classical.00051.wav,classical,"Symphony No. 6 in B Minor, Op. 74 'Pathetique': I. Adagio - Allegro non troppo",Chicago Symphony Orchestra & Daniel Barenboim,19,Bm
classical.00052.wav,classical,Overture Candide (Live),Los Angeles Philharmonic & Leonard Bernstein,-1,unknown/modulation
classical.00053.wav,classical,Canzoni et sonate (21): Sonata XIII a 8,Empire Brass,-1,unknown/modulation
classical.00054.wav,classical,"Rigoletto / Act 2: ""Mio padre!...Compiuto pur quanto""","Dame Joan Sutherland, Richard Bonynge, London Symphony Orchestra, Sherrill Milnes, Christian Du Plessis, John Gibbs & Riccardo Cassinelli",-1,unknown/modulation
classical.00055.wav,classical,West Side Story Symphonic Dances: II. Somewhere (Live),Los Angeles Philharmonic & Leonard Bernstein,-1,unknown/modulation
classical.00056.wav,classical,Solemn Mass for the Feast of Sancta Maria: Kyrie a 4 (Selva morale e spirituale),"Taverner Choir, Taverner Consort & Taverner Players",-1,unknown/modulation
classical.00057.wav,classical,"""West Side Story"" - Symphonic Dances: III. Scherzo",Los Angeles Philharmonic & Leonard Bernstein,-1,unknown/modulation
classical.00058.wav,classical,"3 Gymnopédies: No. 1, Lent et Grave - No. 3, Lent et douloureux",London Philharmonic Orchestra & Bernard Herrmann,-1,unknown/modulation
classical.00059.wav,classical,Mercure,The London Festival Players & Bernard Herrmann,-1,unknown/modulation
classical.00060.wav,classical,La belle excentrique,The London Festival Players & Bernard Herrmann,-1,unknown/modulation
classical.00061.wav,classical,Jack in the Box,Bernard Herrmann & The London Festival Players,-1,unknown/modulation
classical.00062.wav,classical,Saudades do Brasil,Bernard Herrmann & The London Festival Players,-1,unknown/modulation
classical.00063.wav,classical,"Piano Sonata No. 21 in B-Flat, D. 960: I. Molto Moderato",Alfred Brendel,1,A#
classical.00064.wav,classical,"Piano Sonata No. 21 in B-Flat, D. 960: II. Andante Sostenuto",Alfred Brendel,8,E
classical.00065.wav,classical,"Piano Sonata No. 21 in B-Flat, D. 960: III. Scherzo. Allegro vivace con delicatezza",Alfred Brendel,1,A#
classical.00066.wav,classical,"Piano Sonata No. 21 in B-Flat, D.960: 4. Allegro Ma Non Troppo",Alfred Brendel,1,A#
classical.00067.wav,classical,"Fantasy in C Major ""Wanderer""",Alfred Brendel,3,C
classical.00068.wav,classical,"Symphony No. 26 in D Minor - ""Lamentatione"": I. Allegro assai con spirito",Nicholas Ward & Northern Chamber Orchestra,17,Dm
classical.00069.wav,classical,"Symphony No. 26 in D Minor - ""Lamentatione"": II. Adagio",Nicholas Ward & Northern Chamber Orchestra,17,Dm
classical.00070.wav,classical,"Symphony No. 26 in D Minor - ""Lamentatione"": III. Minuet & Trio",Nicholas Ward & Northern Chamber Orchestra,17,Dm
classical.00071.wav,classical,Symphony No. 35 in B-Flat Major: I. Allegro di molto,Nicholas Ward & Northern Chamber Orchestra,1,A#
classical.00072.wav,classical,Symphony No. 35 in B-Flat Major: II. Andante,Nicholas Ward & Northern Chamber Orchestra,6,D#
classical.00073.wav,classical,Symphony No. 35 in B-Flat Major: III. Minuet and Trio,Nicholas Ward & Northern Chamber Orchestra,1,A#
classical.00074.wav,classical,Symphony No. 35 in B-Flat Major: IV. Finale: Presto,Nicholas Ward & Northern Chamber Orchestra,1,A#
classical.00075.wav,classical,"Symphony No. 49 in F Minor, Hob. I:49 - ""La Pasione"": I. Adagio",Nicholas Ward & Northern Chamber Orchestra,20,Fm
classical.00076.wav,classical,"Symphony No. 49 in F Minor, Hob. I:49 - ""La Pasione"": II. Allegro di molto",Nicholas Ward & Northern Chamber Orchestra,20,Fm
classical.00077.wav,classical,"Piano Sonata No. 8 in C Minor, Op.13 'Pathetique': I. Grave - Allegro di molto e con brio",Daniel Barenboim,15,Cm
classical.00078.wav,classical,"Piano Sonata No. 8 in C Minor, Op.13 'Pathetique': II. Adagio cantabile",Daniel Barenboim,20,Fm
classical.00079.wav,classical,"Sonata No. 8 in A Minor, K. 310: III. Presto",Ludwig van Beethoven,12,Am
classical.00080.wav,classical,"Symphony No. 6 in B Minor, Op. 74 'Pathetique': I. Adagio - Allegro non troppo",Chicago Symphony Orchestra & Daniel Barenboim,14,Bm
classical.00081.wav,classical,"Symphony No. 6 in B Minor, Op. 74 'Pathetique': II. Allegro con grazia",Chicago Symphony Orchestra & Daniel Barenboim,14, Bm
classical.00082.wav,classical,Hill Song No. 2,Clark Rundell & Royal Northern College of Music Wind Orchestra,-1,unknown/modulation
classical.00083.wav,classical,Ye Banks and Braes O'Bonnie Doon,Clark Rundell & Royal Northern College of Music Wind Orchestra,-1,unknown/modulation
classical.00084.wav,classical,"Let's Dance Gay in Green Meadow, ""Faeroe Island Dance""",Clark Rundell & Royal Northern College of Music Wind Orchestra,-1,unknown/modulation
classical.00085.wav,classical,The Lads of Wamphray March,Clark Rundell & Royal Northern College of Music Wind Orchestra,-1,unknown/modulation
classical.00086.wav,classical,"Shepherd's Hey (Arr. Wright for Brass Band, Chorus and Organ)",Timothy Reynish & Royal Northern College of Music Wind Orchestra,-1,unknown/modulation
classical.00087.wav,classical,The Merry King,Clark Rundell & Royal Northern College of Music Wind Orchestra,-1,unknown/modulation
classical.00088.wav,classical,"Molly on the Shore, BFMS 1",Clark Rundell & Royal Northern College of Music Wind Orchestra,-1,unknown/modulation
classical.00089.wav,classical,"The Four Seasons, Op. 8, Concerto No. 1 in E Major, RV 269, ""Spring"": I. Allegro",Leonard Slatkin & Jose Louis Garcia,-1,unknown/modulation
classical.00090.wav,classical,"The Four Seasons: Violin Concerto No. 1 in E Major, ""Spring"": II. Largo","English Chamber Orchestra, Leonard Slatkin & Jose-Luis Garcia",-1,unknown/modulation
classical.00091.wav,classical,"The Four Seasons: Violin Concerto No. 1 in E Major, ""Spring"": III. Allegro","English Chamber Orchestra, Leonard Slatkin & JoseLuis Garcia",-1,unknown/modulation
classical.00092.wav,classical,"Piccolo Concerto, For Piccolo, Strings & Continuo In A Minor, Rv 44",Maurice Andre & Jean-Francois Paillard & Jean-Francois Pailla,-1,unknown/modulation
classical.00093.wav,classical,UNKNOWN TITLE,UNKNOWN ARTIST,-1,unknown/modulation
classical.00094.wav,classical,"The Four Seasons: Violin Concerto No. 2 in G Minor, ""Summer"": I. Allegro non molto","English Chamber Orchestra, Leonard Slatkin & JoseLuis Garcia",22,Gm
classical.00095.wav,classical,"The Four Seasons: Violin Concerto No. 2 in G Minor, ""Summer"": II. Adagio","English Chamber Orchestra, Leonard Slatkin & JoseLuis Garcia",22,Gm
classical.00096.wav,classical,"The Four Seasons - Violin Concerto in G Minor, RV 315 - ""Summer"": III. Presto","English Chamber Orchestra, JoseLuis Garcia & Leonard Slatkin",22,Gm
classical.00097.wav,classical,"Violin Concerto, For Violin, Strings & Continuo In A Minor, Op. 3/6, Rv",Maurice Andre & Jean-Francois Paillard & Jean-Francois Pailla,12, Am
classical.00098.wav,classical,"The Four Seasons: Violin Concerto No. 3 in F Major, ""Autumn"": III. Allegro","English Chamber Orchestra, Leonard Slatkin & JoseLuis Garcia",8,F
classical.00099.wav,classical,"The Four Seasons: Violin Concerto No. 3 in F Major, ""Autumn"": II. Adagio molto","English Chamber Orchestra, Leonard Slatkin & JoseLuis Garcia",17,Dm
country.00000.wav,country,Just to Hear You Say That You Love Me (with Tim McGraw),Faith Hill,9,F#
country.00001.wav,country,That's the Kind of Mood I'm In,Patty Loveless,2,B
country.00002.wav,country,I Wish I Had a Nickel,UNKNOWN ARTIST,0,A
country.00003.wav,country,If Tomorrow Never Comes (Live),Garth Brooks,10,G
country.00004.wav,country,Outbound Plane,Suzy Bogguss,7,E
country.00005.wav,country,You Win My Love,Shania Twain,10,G
country.00006.wav,country,Straight Tequila Night,John Anderson,1,A#
country.00007.wav,country,Best of Intentions,Travis Tritt,11,G#
country.00008.wav,country,Never Knew Lonely,Vince Gill,7,E
country.00009.wav,country,Meanwhile Back At the Ranch,The Clark Family Experience,10,G
country.00010.wav,country,I Can't Stop Loving You,Johnny Tillotson,3,C
country.00011.wav,country,"A Church, a Courtroom and Then Goodbye",Patsy Cline,10,G
country.00012.wav,country,Music City U.S.A.,Bobby Bare,3,C
country.00013.wav,country,Let Your Love Flow,Loretta Lynn,0,A
country.00014.wav,country,Silver Threads and Golden Needles,Nina Martinique,0,A
country.00015.wav,country,White Lightning,Waylon Jennings,11,G#
country.00016.wav,country,I Walk The Line (feat. The Tennessee Two),Johnny Cash,8,F
country.00017.wav,country,San Antonio Rose,Floyd Cramer,5,D
country.00018.wav,country,I'm Gonna Be a Country Girl Again,Billie Jo Spears,8,F
country.00019.wav,country,Shelter Of My Arms,Willie Nelson,3,C
country.00020.wav,country,Tell Laura I Love Her,Ray Peterson,1,A#
country.00021.wav,country,Raindrops Keep Fallin' On My Head,B.J. Thomas,8,F
country.00022.wav,country,Love Me With All Your Heart,Karl Denver,2,B
country.00023.wav,country,Today I Started Loving You Again,Kenny Rogers,8,F
country.00024.wav,country,Your Cheatin' Heart,Hank Williams,3,C
country.00025.wav,country,Love Hurts (with The Fallen Angels) (Live),Gram Parsons,10,G
country.00026.wav,country,Home Is Where You're Happy,Willie Nelson,10,G
country.00027.wav,country,Chicken on the Ground,Billy Joe Shaver & Emmylou Harris,0,A
country.00028.wav,country,Would You Take Another Chance On Me?,Jerry Lee Lewis,5,D
country.00029.wav,country,Ridin' My Thumb To Mexico,Johnny Rodriguez,4,C#
country.00030.wav,country,UNKNOWN TITLE,UNKNOWN ARTIST,5,D
country.00031.wav,country,Come on Joe,Jo-El Sonnier,8,F
country.00032.wav,country,O Come All Ye Faithful,Chip Mergott,7,E
country.00033.wav,country,Teach Me To Cheat,Kendalls,7,E
country.00034.wav,country,Sally Let Your Bangs Hang Down (LEONA WILLIAMS & MERLE HAGGARD),Leona Williams & Merle Haggard,5,D
country.00035.wav,country,Oh Baby Mine (I Get So Lonely),The Statler Brothers,8,F
country.00036.wav,country,Old Violin,Johnny Paycheck,4,C#
country.00037.wav,country,Don't Give Candy to a Stranger,Larry Boone,4,C#
country.00038.wav,country,Our Last Night,Los Lobos,3,C
country.00039.wav,country,Johnnie Can't Dance (Johnnie Peut Pas Dancer),Zydecajun & Wayne Toups,0,A
country.00040.wav,country,Dumas Walker,The Kentucky Headhunters,10,G
country.00041.wav,country,Goin' By The Book,Johnny Cash,12,Am
country.00042.wav,country,UNKNOWN TITLE,UNKNOWN ARTIST,0,A
country.00043.wav,country,Cadillac Style,Sammy Kershaw,5,D
country.00044.wav,country,It Ain't Fair,Wesley Dennis,7,E
country.00045.wav,country,Any Man Of Mine,Shania Twain,11,G#
country.00046.wav,country,I Found My Girl In the U.S.A.,Jimmie Skinner,5,D
country.00047.wav,country,I'm the Girl In the Usa,Connie Hall,3,C
country.00048.wav,country,Running Bear,Johnny Preston,1,A#
country.00049.wav,country,Out of Control,George Jones,10,G
country.00050.wav,country,Never Alone,Vince Gill,3,C
country.00051.wav,country,Never Knew Lonely,Vince Gill,7,E
country.00052.wav,country,When I Call Your Name,Vince Gill,8,F
country.00053.wav,country,Liza Jane,Vince Gill,0,A
country.00054.wav,country,Look at Us,Vince Gill,6,D#
country.00055.wav,country,Take Your Memory With You,Vince Gill,7,E
country.00056.wav,country,Pocket Full of Gold,Vince Gill,8,F
country.00057.wav,country,The Heart Won't Lie (feat. Vince Gill),Reba McEntire,4,C#
country.00058.wav,country,Don't Let Our Love Start Slippin' Away,Vince Gill,6,D#
country.00059.wav,country,I Still Believe In You,Vince Gill,6,D#
country.00060.wav,country,No Future in the Past,Vince Gill,8,F
country.00061.wav,country,Tryin' to Get Over You,Vince Gill,5,D
country.00062.wav,country,One More Last Chance,Vince Gill,5,D
country.00063.wav,country,I Can't Tell You Why,Vince Gill,14,Bm
country.00064.wav,country,I Will Always Love You,Dolly Parton,8,F
country.00065.wav,country,Blue Eyes Crying In The Rain,Willie Nelson,7,E
country.00066.wav,country,If You've Got The Money I've Got the Time,Willie Nelson,5,D
country.00067.wav,country,Georgia On My Mind,Willie Nelson,4,C#
country.00068.wav,country,Blue Skies,Willie Nelson,5,D
country.00069.wav,country,My Heroes Have Always Been Cowboys,Willie Nelson,5,D
country.00070.wav,country,On the Road Again,Willie Nelson,7,E
country.00071.wav,country,Always On My Mind,Willie Nelson,5,D
country.00072.wav,country,City of New Orleans,Willie Nelson,5,D
country.00073.wav,country,Forgiving You Was Easy,Willie Nelson,7,E
country.00074.wav,country,Living In the Promiseland,Willie Nelson,10,G
country.00075.wav,country,Midnight Rider,Willie Nelson,0,A
country.00076.wav,country,Remember Me (When the Candle Lights Are Gleaming),Willie Nelson,5,D
country.00077.wav,country,Uncloudy Day,Willie Nelson,8,F
country.00078.wav,country,Angel Flying Too Close to the Ground,Willie Nelson,0,A
country.00079.wav,country,Last Thing I Needed First Thing This Morning,Willie Nelson,3,C
country.00080.wav,country,Nothing I Can Do About It Now,Willie Nelson,10,G
country.00081.wav,country,Long Sermon,Brad Paisley,0,A
country.00082.wav,country,Me Neither,Brad Paisley,3,C
country.00083.wav,country,Who Needs Pictures,Brad Paisley,7,E
country.00084.wav,country,Don't Breathe,Brad Paisley,10,G
country.00085.wav,country,He Didn't Have to Be,Brad Paisley,0,A
country.00086.wav,country,It Never Woulda Worked Out Anyway,Brad Paisley,1,A#
country.00087.wav,country,Holdin' On to You,Brad Paisley,10,G
country.00088.wav,country,I've Been Better,Brad Paisley,7,E
country.00089.wav,country,We Danced,Brad Paisley,0,A
country.00090.wav,country,Sleepin' On the Foldout,Brad Paisley,7,E
country.00091.wav,country,Cloud of Dust,Brad Paisley,6,D#
country.00092.wav,country,The Nervous Breakdown (Instrumental),Brad Paisley,10,G
country.00093.wav,country,In the Garden,Brad Paisley,10,G
country.00094.wav,country,I Just Want To Dance With You,George Strait,3,C
country.00095.wav,country,One Step at a Time,George Strait,1,A#
country.00096.wav,country,TRUE,George Strait,10,G
country.00097.wav,country,Remember the Alamo,George Strait,8,F
country.00098.wav,country,Maria,George Strait,3,C
country.00099.wav,country,We Really Shouldn't Be Doing This,George Strait,2,B
disco.00000.wav,disco,Lowdown,Boz Scaggs,19,Em
disco.00001.wav,disco,I Will Survive,Gloria Gaynor,12,Am
disco.00002.wav,disco,Look Back Over Your Shoulder,Archie Bell & The Drells,8,F
disco.00003.wav,disco,Deputy of Love,Don Armando's 2nd Ave. Rhumba Band,15,Cm
disco.00004.wav,disco,Run Back,Carl Douglas,7,E
disco.00005.wav,disco,Native New Yorker,Odyssey,15,Cm
disco.00006.wav,disco,Romeo Juliet,Nick Pauls,16,C#m
disco.00007.wav,disco,"So Many Men, So Little Time",Miquel Brown,0,A
disco.00008.wav,disco,"Found a Cure (12"" Disco Mix)",Ashford & Simpson,12,Am
disco.00009.wav,disco,Get Up,Osibisa,15,Cm
disco.00010.wav,disco,Encore,Cheryl Lynn,13,A#m
disco.00011.wav,disco,Can You Feel It,Billy Ocean,12,Am
disco.00012.wav,disco,"She's A Bad Mama Jama (She's Built, She's Stacked)",Carl Carlton,3,C
disco.00013.wav,disco,Back Off Boogaloo (Re-Record),Donna Summer,19,Em
disco.00014.wav,disco,Stayin' Alive,Bee Gees,20,Fm
disco.00015.wav,disco,Boogie Nights,Heatwave,19,Em
disco.00016.wav,disco,Sing a Song,"Earth, Wind & Fire",0,A
disco.00017.wav,disco,You're OK,Ottawan,15,Cm
disco.00018.wav,disco,Sex,Sabrina,16,C#m
disco.00019.wav,disco,I'm Doin' Fine Now,New York City,1,A#
disco.00020.wav,disco,Patches,Clarence Carter,2,B
disco.00021.wav,disco,Never Can Say Goodbye,Gloria Gaynor,3,C
disco.00022.wav,disco,Ooh What a Life (Gerd Janson & Shan Edit),Gibson Brothers,14,Bm
disco.00023.wav,disco,Playboy (Be Me),La Toya Jackson,15,Cm
disco.00024.wav,disco,"Help, Get Me Some Help",Ottawan,9,F#
disco.00025.wav,disco,High Energy,Evelyn Thomas,20,Fm
disco.00026.wav,disco,(Do The) Salsa,La Toya Jackson,8,F
disco.00027.wav,disco,Rapper's Delight,The Sugarhill Gang,0,A
disco.00028.wav,disco,Better Do It Salsa,Gibson Brothers,22,Gm
disco.00029.wav,disco,Heartless,Evelyn Thomas,19,Em
disco.00030.wav,disco,Latin America,Gibson Brothers,10,G
disco.00031.wav,disco,My Simple Heart,The Three Degrees,5,D
disco.00032.wav,disco,Saddle Up,David Christie,17,Dm
disco.00033.wav,disco,You Little Trustmaker,The Tymes,8,F
disco.00034.wav,disco,Reflections (Extended Version),Evelyn Thomas,5,D
disco.00035.wav,disco,Cuba,Gibson Brothers,18,D#m
disco.00036.wav,disco,Reaching for the Best,The Exciters,8,F
disco.00037.wav,disco,Que Sera Mi Vida,Gibson Brothers,9,F#
disco.00038.wav,disco,I Am What I Am,Gloria Gaynor,8,F
disco.00039.wav,disco,I Can't Leave You Alone,George McCrae,10,G
disco.00040.wav,disco,Stress (Remastered),David Christie,22,Gm
disco.00041.wav,disco,Always and Forever,Heatwave,5,D
disco.00042.wav,disco,I Wanna Dance Wit'choo,Disco-Tex & His Sex-O-Lettes,10,G
disco.00043.wav,disco,Satisfaction Guaranteed,Harold & The Blue Notes Melvin,3,C
disco.00044.wav,disco,Hands Up,Ottawan,11,G#
disco.00045.wav,disco,D.I.S.C.O.,Ottawan,1,A#
disco.00046.wav,disco,Hot Stuff,Donna Summer,22,Gm
disco.00047.wav,disco,No More Tears (Enough Is Enough) [feat. Donna Summer],Barbra Streisand,12,Am
disco.00048.wav,disco,Kung Fu Fighting,Carl Douglas,5,D
disco.00049.wav,disco,Boogie Shoes,KC and the Sunshine Band,2,B
disco.00050.wav,disco,That's the Way (I Like It),KC and the Sunshine Band,15,Cm
disco.00051.wav,disco,That's the Way (I Like It),KC and the Sunshine Band,15,Cm
disco.00052.wav,disco,In the Navy,Village People,10,G
disco.00053.wav,disco,"Knock on Wood (1985 7"" Remix)",Amii Stewart,23,G#m
disco.00054.wav,disco,I Want Your Love,Chic,12,Am
disco.00055.wav,disco,Disco Inferno,The Trammps,3,C
disco.00056.wav,disco,Fantasy,"Earth, Wind & Fire",19,Em
disco.00057.wav,disco,Auld Lang Syne,Boney M.,11,G#
disco.00058.wav,disco,Boogie Wonderland (Live),"Earth, Wind & Fire",17,Dm
disco.00059.wav,disco,Let's Groove,"Earth, Wind & Fire",14,Bm
disco.00060.wav,disco,Disco Inferno,The Trammps,8,F
disco.00061.wav,disco,Ring My Bell,Anita Ward,15,Cm
disco.00062.wav,disco,Dance With Me,Peter Brown,15,Cm
disco.00063.wav,disco,Disco Megamix (130 BPM),Boney M. 2000,17,Dm
disco.00064.wav,disco,Funkytown,"Lipps, Inc.",3,C
disco.00065.wav,disco,Shame,"Evelyn ""Champagne"" King",14,Bm
disco.00066.wav,disco,Shake Your Groove Thing,Peaches & Herb,12,Am
disco.00067.wav,disco,Dancing Queen,ABBA,0,A
disco.00068.wav,disco,Take A Chance On Me,ABBA,2,B
disco.00069.wav,disco,"(Shake, Shake, Shake) Shake Your Booty",KC and the Sunshine Band,14,Bm
disco.00070.wav,disco,That's the Way (I Like It),KC and the Sunshine Band,15,Cm
disco.00071.wav,disco,Get Down Tonight,KC and the Sunshine Band,20,Fm
disco.00072.wav,disco,Mamma Mia,ABBA,5,D
disco.00073.wav,disco,I'm Your Boogie Man,KC and the Sunshine Band,22,Gm
disco.00074.wav,disco,Get Down Tonight,KC and the Sunshine Band,20,Fm
disco.00075.wav,disco,Macho Man,Village People,17,Dm
disco.00076.wav,disco,Thank God It's Friday (Extended Version),Love and Kisses,-1,unknown/modulation
disco.00077.wav,disco,Heaven Must Be Missing An Angel,Tavares,3,C
disco.00078.wav,disco,I Am What I Am (2014 Club Version),Gloria Gaynor,8,F
disco.00079.wav,disco,"Love Is Just the Game (John ""Jelly Bean"" Benitez Mix)",Peter Brown,13,A#m
disco.00080.wav,disco,Dazzle You,Dazzle,13,A#m
disco.00081.wav,disco,I'm For You,"Today, Tomorrow, Forever",12,Am
disco.00082.wav,disco,Disco Nights (Rock Freak),G.Q.,20,Fm
disco.00083.wav,disco,Disco Duck (Pt. 1 Vocal),Rick Dees And His Cast Of Idiots,19,Em
disco.00084.wav,disco,Out in the Night,Serge Ponsar,20,Fm
disco.00085.wav,disco,Wordy Rappinghood,Tom Tom Club,19,Em
disco.00086.wav,disco,I Love the Nightlife (Disco 'Round),Alicia Bridges,3,C
disco.00087.wav,disco,He's My Man,The Supremes,-1,unknown/modulation
disco.00088.wav,disco,Star Wars Theme / Cantina Band,Meco,3,C
disco.00089.wav,disco,Disco Inferno,The Trammps,8,F
disco.00090.wav,disco,Fire Island,Village People,10,G
disco.00091.wav,disco,Fly Robin Fly,Silver Convention,15,Cm
disco.00092.wav,disco,Heart of Glass,Blondie,7,E
disco.00093.wav,disco,The Hustle,Van McCoy & The Soul City Symphony,8,F
disco.00094.wav,disco,Why? (12'' Version) [2008 Remastered Version],Bronski Beat,15,Cm
disco.00095.wav,disco,Bad Girls,Donna Summer,17,Dm
disco.00096.wav,disco,"Shame, Shame, Shame (Vocal Version)",Shirley & Company,10,G
disco.00097.wav,disco,Do You Wanna Funk? (feat. Sylvester),Patrick Cowley,13,A#m
disco.00098.wav,disco,Rasputin,Boney M.,14,Bm
disco.00099.wav,disco,Rasputin,Boney M.,14,Bm
hiphop.00000.wav,hiphop,Looking For the Perfect Beat,Afrika Bambaataa & The Soul Sonic Force,19,Em
hiphop.00001.wav,hiphop,Triumph,Wu-Tang Clan,17,Dm
hiphop.00002.wav,hiphop,Buddy (feat. Jungle Brothers & Q-Tip),De La Soul,1,A#
hiphop.00003.wav,hiphop,Friday,Ice Cube,12,Am
hiphop.00004.wav,hiphop,All Good? (feat. Chaka Khan),De La Soul,12,Am
hiphop.00005.wav,hiphop,We Be Clubbin (Remix) [feat. Ice Cube Feat. DMX],Ice Cube,-1,unknown/modulation
hiphop.00006.wav,hiphop,You Can Do It,"Ice Cube, Mack 10 & Ms. Toi",23,G#m
hiphop.00007.wav,hiphop,Gravel Pit,Wu-Tang Clan,12,Am
hiphop.00008.wav,hiphop,Slow and Low,Beastie Boys,14,Bm
hiphop.00009.wav,hiphop,Shake Your Rump,Beastie Boys,19,Em
hiphop.00010.wav,hiphop,Skills to Pay the Bills,Beastie Boys,16,C#m
hiphop.00011.wav,hiphop,Root Down,Beastie Boys,22,Gm
hiphop.00012.wav,hiphop,Sure Shot,Beastie Boys,18,D#m
hiphop.00013.wav,hiphop,Body Movin' (Fatboy Slim Remix),Beastie Boys,19,Em
hiphop.00014.wav,hiphop,Fight for Your Right,Beastie Boys,23,G#m
hiphop.00015.wav,hiphop,Bodhisattva Vow,Beastie Boys,-1,unknown/modulation
hiphop.00016.wav,hiphop,Alive,Beastie Boys,17,Dm
hiphop.00017.wav,hiphop,Jimmy James (Single Version),Beastie Boys,17,Dm
hiphop.00018.wav,hiphop,Three MC's and One DJ,Beastie Boys,-1,unknown/modulation
hiphop.00019.wav,hiphop,Shadrach,Beastie Boys,19,Em
hiphop.00020.wav,hiphop,Brass Monkey,Beastie Boys,18,D#m
hiphop.00021.wav,hiphop,The Negotiation Limerick File,Beastie Boys,-1,unknown/modulation
hiphop.00022.wav,hiphop,Get It Together,Beastie Boys,20,Fm
hiphop.00023.wav,hiphop,Remote Control,Beastie Boys,21,F#m
hiphop.00024.wav,hiphop,Hey Ladies,Beastie Boys,-1,unknown/modulation
hiphop.00025.wav,hiphop,Intergalactic,Beastie Boys,19,Em
hiphop.00026.wav,hiphop,I Can't Take It (No More) [Remix Featuring NAS],3LW,14,Bm
hiphop.00027.wav,hiphop,One Two,The Ambassador,14,Bm
hiphop.00028.wav,hiphop,Divine Lines (feat. Epsilon),Dirt featuring Epsilon,15,Cm
hiphop.00029.wav,hiphop,Try Again (Mixed),Aaliyah,16,C#m
hiphop.00030.wav,hiphop,Bluesy Baby (feat. Speech) [Ed Rush & Optical Remix],ram jam world,20,Fm
hiphop.00031.wav,hiphop,Most Girls,P!nk,17,Dm
hiphop.00032.wav,hiphop,Buddy (Native Tongue Decision),De La Soul,20,Fm
hiphop.00033.wav,hiphop,The Next Episode (feat. Snoop Dogg),Dr. Dre,18,D#m
hiphop.00034.wav,hiphop,Hip Hop Junkies,Nice & Smooth,-1,unknown/modulation
hiphop.00035.wav,hiphop,40 Barz,Cru Thik & Ty Gracie,13,A#m
hiphop.00036.wav,hiphop,Brass Monkey,Beastie Boys,18,D#m
hiphop.00037.wav,hiphop,Three MC's and One DJ,Beastie Boys,15,Cm
hiphop.00038.wav,hiphop,California Love (feat. Roger Troutman & Dr. Dre),2Pac,22,Gm
hiphop.00039.wav,hiphop,"Every Ghetto, Every City",Lauryn Hill,15,Cm
hiphop.00040.wav,hiphop,Ex-Factor,Lauryn Hill,9,F#
hiphop.00041.wav,hiphop,"Dog Sh*t (feat. Ol' Dirty Bastard, RZA & Method Man)",Wu-Tang Clan,16,C#m
hiphop.00042.wav,hiphop,Triumph,Wu-Tang Clan,17,Dm
hiphop.00043.wav,hiphop,Anything Can Happen,Wyclef Jean,0,A
hiphop.00044.wav,hiphop,"Guantanamera (feat. Lauryn Hill, Celia Cruz & Jeni Fujita)",Wyclef Jean,10,G
hiphop.00045.wav,hiphop,"Every Ghetto, Every City",Lauryn Hill,15,Cm
hiphop.00046.wav,hiphop,Check the Rhime,A Tribe Called Quest,14,Bm
hiphop.00047.wav,hiphop,Award Tour (feat. Trugoy the Dove),A Tribe Called Quest,17,Dm
hiphop.00048.wav,hiphop,Can I Kick It?,A Tribe Called Quest,3,C
hiphop.00049.wav,hiphop,Scenario,A Tribe Called Quest,0,A
hiphop.00050.wav,hiphop,Electric Relaxation,A Tribe Called Quest,6,D#
hiphop.00051.wav,hiphop,Luck of Lucien,A Tribe Called Quest,12,Am
hiphop.00052.wav,hiphop,Talk Much (David Morales Mix),Temper Temper,1,A#
hiphop.00053.wav,hiphop,The Right One,Young MC,13,A#m
hiphop.00054.wav,hiphop,The Um Dee Dum Song,Young MC,-1,unknown/modulation
hiphop.00055.wav,hiphop,I Wanna Get High,Cypress Hill,18,D#m
hiphop.00056.wav,hiphop,I Ain't Goin' Out Like That,Cypress Hill,-1,unknown/modulation
hiphop.00057.wav,hiphop,Lick a Shot,Cypress Hill,-1,unknown/modulation
hiphop.00058.wav,hiphop,3 Lil' Putos,Cypress Hill,-1,unknown/modulation
hiphop.00059.wav,hiphop,Hits from the Bong,Cypress Hill,7,E
hiphop.00060.wav,hiphop,"What Go Around Come Around, Kid",Cypress Hill,2,B
hiphop.00061.wav,hiphop,A to the K,Cypress Hill,-1,unknown/modulation
hiphop.00062.wav,hiphop,Keeping It Moving,A Tribe Called Quest,19,Em
hiphop.00063.wav,hiphop,Find a Way,A Tribe Called Quest,-1,unknown/modulation
hiphop.00064.wav,hiphop,Sucka N***a,A Tribe Called Quest,13,A#m
hiphop.00065.wav,hiphop,Check the Rhime,A Tribe Called Quest,14,Bm
hiphop.00066.wav,hiphop,Bonita Applebum (includes 'Can I Kick It' Intro),A Tribe Called Quest,13,A#m
hiphop.00067.wav,hiphop,Award Tour (feat. Trugoy the Dove),A Tribe Called Quest,12,Am
hiphop.00068.wav,hiphop,Can I Kick It?,A Tribe Called Quest,3,C
hiphop.00069.wav,hiphop,Scenario,A Tribe Called Quest,12,Am
hiphop.00070.wav,hiphop,Buggin' Out,A Tribe Called Quest,1,A#
hiphop.00071.wav,hiphop,If the Papes Come,A Tribe Called Quest,-1,unknown/modulation
hiphop.00072.wav,hiphop,Electric Relaxation,A Tribe Called Quest,-1,unknown/modulation
hiphop.00073.wav,hiphop,Jazz (We've Got),A Tribe Called Quest,14,Bm
hiphop.00074.wav,hiphop,I Left My Wallet In El Segundo (Vampire Mix),A Tribe Called Quest,17,Dm
hiphop.00075.wav,hiphop,Stressed Out (feat. Faith Evans) [LP Version],A Tribe Called Quest,-1,unknown/modulation
hiphop.00076.wav,hiphop,My Baby (feat. Da Angels),50 Cent,14,Bm
hiphop.00077.wav,hiphop,What's It Gonna Be?! (feat. Janet Jackson),Busta Rhymes,6,D#
hiphop.00078.wav,hiphop,My Baby (feat. Da Angels),50 Cent,14,Bm
hiphop.00079.wav,hiphop,The Real Slim Shady,Eminem,18,D#m
hiphop.00080.wav,hiphop,Freestyle (Gone Crazy),Eminem,23,G#m
hiphop.00081.wav,hiphop,Contract On the World Love Jam (Instrumental),Public Enemy,15,Cm
hiphop.00082.wav,hiphop,Brothers Gonna Work It Out,Public Enemy,13,A#m
hiphop.00083.wav,hiphop,911 Is A Joke,Public Enemy,14,Bm
hiphop.00084.wav,hiphop,Incident At 66.6 FM (Instrumental),Public Enemy,-1,unknown/modulation
hiphop.00085.wav,hiphop,Te Amo,Makano,-1,unknown/modulation
hiphop.00086.wav,hiphop,Pollywanacraka,Public Enemy,15,Cm
hiphop.00087.wav,hiphop,Anti-N****r Machine,Public Enemy,15,Cm
hiphop.00088.wav,hiphop,Burn Hollywood Burn,Public Enemy,-1,unknown/modulation
hiphop.00089.wav,hiphop,Power To the People,Public Enemy,15,Cm
hiphop.00090.wav,hiphop,Who Stole the Soul?,Public Enemy,20,Fm
hiphop.00091.wav,hiphop,Fear of a Black Planet,Public Enemy,12,Am
hiphop.00092.wav,hiphop,Revolutionary Generation,Public Enemy,12,Am
hiphop.00093.wav,hiphop,"Can't Do Nuttin' For Ya, Man!",Public Enemy,19,Em
hiphop.00094.wav,hiphop,Reggie Jax,Public Enemy,22,Gm
hiphop.00095.wav,hiphop,Leave This Off Your Fu*Kin Charts (Instrumental),Public Enemy,-1,unknown/modulation
hiphop.00096.wav,hiphop,B Side Wins Again,Public Enemy,19,Em
hiphop.00097.wav,hiphop,War At 33 1/3,Public Enemy,18,D#m
hiphop.00098.wav,hiphop,Fight The Power,Public Enemy,17,Dm
hiphop.00099.wav,hiphop,Let's Stay Together (Together Forever) [feat. Jagged Edge],Run-DMC,22,Gm
jazz.00000.wav,jazz,"On the Town, 3 Dance Episodes: I. Dance of the Great Lover. Allegro pesante (Live)",Israel Philharmonic Orchestra & Leonard Bernstein,-1,unknown/modulation
jazz.00001.wav,jazz,Symphonic Dances from West Side Story: I. Prologue (Live),Los Angeles Philharmonic & Leonard Bernstein,8,F
jazz.00002.wav,jazz,'Round Midnight,James Carter,18,D#m
jazz.00003.wav,jazz,You Never told Me That You Care,James Carter,14,Bm
jazz.00004.wav,jazz,The Intimacy of My Woman's Beautiful Eyes,James Carter,17,Dm
jazz.00005.wav,jazz,1944 Stomp,James Carter,11,G#
jazz.00006.wav,jazz,The Stevedore's Serenade,James Carter,2,B
jazz.00007.wav,jazz,Born to Be Blue,James Carter,13,A#m
jazz.00008.wav,jazz,Deep Throat Blues,James Carter,6,D#
jazz.00009.wav,jazz,A Ballad for a Doll,James Carter,-1,unknown/modulation
jazz.00010.wav,jazz,Eventide,James Carter,22,Gm
jazz.00011.wav,jazz,Lonnie's Lament (Live),Joe Lovano,15,Cm
jazz.00012.wav,jazz,Reflections (Live),Joe Lovano,20,Fm
jazz.00013.wav,jazz,Little Willie Leaps (Live),Joe Lovano,8,F
jazz.00014.wav,jazz,This Is All I Ask (Live),Joe Lovano,3,C
jazz.00015.wav,jazz,26-2 (Live),Joe Lovano,8,F
jazz.00016.wav,jazz,Duke Ellington Sound of Love (Live),Joe Lovano,-1,unknown/modulation
jazz.00017.wav,jazz,Sounds of Joy (Live),Joe Lovano,6,D#
jazz.00018.wav,jazz,Fort Worth (Live),Joe Lovano,22,Gm
jazz.00019.wav,jazz,Birds of Springtimes Gone By (Live),Joe Lovano,-1,unknown/modulation
jazz.00020.wav,jazz,I Can't Get Started (Live),Joe Lovano,0,A
jazz.00021.wav,jazz,Uprising (Live),Joe Lovano,-1,unknown/modulation
jazz.00022.wav,jazz,Sail Away (Live),Joe Lovano,6,D#
jazz.00023.wav,jazz,Blues Not to Lose (Live),Joe Lovano,16,C#m
jazz.00024.wav,jazz,Song and Dance (Live),Joe Lovano,22,Gm
jazz.00025.wav,jazz,Roused About,Branford Marsalis,21,F#m
jazz.00026.wav,jazz,The Beautyful Ones Are Not Yet Born,Branford Marsalis Trio,17,Dm
jazz.00027.wav,jazz,Xavier's Lair,Branford Marsalis Trio,-1,unknown/modulation
jazz.00028.wav,jazz,Cain & Abel,Branford Marsalis Trio,-1,unknown/modulation
jazz.00029.wav,jazz,Citizen Tain,Branford Marsalis Trio,-1,unknown/modulation
jazz.00030.wav,jazz,Gilligan's Isle,Branford Marsalis Trio,17,Dm
jazz.00031.wav,jazz,Dewey Baby,Branford Marsalis Trio,-1,unknown/modulation
jazz.00032.wav,jazz,Beat's Remark,Branford Marsalis Trio,14,Bm
jazz.00033.wav,jazz,Body and Soul,Coleman Hawkins,4,C#
jazz.00034.wav,jazz,Dinah,Lionel Hampton,11,G#
jazz.00035.wav,jazz,April In Paris,Coleman Hawkins & Manny Albam,8,F
jazz.00036.wav,jazz,Sugar Foot Stomp,Fletcher Henderson,1,A#
jazz.00037.wav,jazz,I've Got the World On a String,"Henry ""Red"" Allen",4,C#
jazz.00038.wav,jazz,Under Paris Skies,Coleman Hawkins,20,Fm
jazz.00039.wav,jazz,When Lights Are Low,Lionel Hampton,11,G#
jazz.00040.wav,jazz,She's Funny That Way,Coleman Hawkins and His Orchestra,11,G#
jazz.00041.wav,jazz,The Sheik of Araby,Coleman Hawkins All Star Octet,6,D#
jazz.00042.wav,jazz,Say It Isn't So,Coleman Hawkins & His 52nd Street All Stars,1,A#
jazz.00043.wav,jazz,I Love Paris,Coleman Hawkins & Manny Albam and His Orchestra,3,C
jazz.00044.wav,jazz,Sweet Lorraine,"Henry ""Red"" Allen",-1,unknown/modulation
jazz.00045.wav,jazz,How Strange,Coleman Hawkins and His Orchestra,3,C
jazz.00046.wav,jazz,Spotlite,Coleman Hawkins,6,D#
jazz.00047.wav,jazz,Unknown Title,Unknown Artist,-1,unknown/modulation
jazz.00048.wav,jazz,Unknown Title,Unknown Artist,-1,unknown/modulation
jazz.00049.wav,jazz,April In Paris (feat. Clifford Brown),Sarah Vaughan,8,F
jazz.00050.wav,jazz,Unknown Title,Unknown Artist,22,Gm
jazz.00051.wav,jazz,Body and Soul,Coleman Hawkins,-1,unknown/modulation
jazz.00052.wav,jazz,Dear Rudy (feat. Antonio Hart & Bill Cunliffe),Terell Stafford,3,C
jazz.00053.wav,jazz,Dinah,Lionel Hampton,11,G#
jazz.00054.wav,jazz,,,-1,unknown/modulation
jazz.00055.wav,jazz,April In Paris,Coleman Hawkins & Manny Albam,8,F
jazz.00056.wav,jazz,For Adults Only,Joris Teepe Quintet,-1,unknown/modulation
jazz.00057.wav,jazz,There Will Never Be Another You,Billy Byers and His Orchestra & Coleman Hawkins,11,G#
jazz.00058.wav,jazz,Sugar Foot Stomp,Fletcher Henderson,1,A#
jazz.00059.wav,jazz,Georgia,Charles Lloyd,6,D#
jazz.00060.wav,jazz,I've Got the World On a String,"Henry ""Red"" Allen",4,C#
jazz.00061.wav,jazz,You're Looking at Me,"Johnny O'Neal, Dave Young & Terry Clarke",13,A#m
jazz.00062.wav,jazz,Under Paris Skies,Coleman Hawkins,20,Fm
jazz.00063.wav,jazz,I'll Never Be the Same,"Ahmed Abdullah, Marshall Allen, Clifford Barbaro, John Gilmore, Gilmore, Tyrone Hill, Ron Mcbee, Sun Ra, Sun Ra Arkestra, Knoel Scott, Jorge Silva & June Tyson",8,F
jazz.00064.wav,jazz,"Jeepers, Creepers",Lester Young,3,C
jazz.00065.wav,jazz,When Lights Are Low,Lionel Hampton,11,G#
jazz.00066.wav,jazz,Unknown Title,Unknown Artist,-1,unknown/modulation
jazz.00067.wav,jazz,She's Funny That Way,Coleman Hawkins and His Orchestra,11,G#
jazz.00068.wav,jazz,Say It Isn't So,Coleman Hawkins & His 52nd Street All Stars,8,F
jazz.00069.wav,jazz,I Love Paris,Coleman Hawkins & Manny Albam and His Orchestra,3,C
jazz.00070.wav,jazz,Sweet Lorraine,"Henry ""Red"" Allen",8,F
jazz.00071.wav,jazz,How Strange,Coleman Hawkins and His Orchestra,3,C
jazz.00072.wav,jazz,Spotlite,Coleman Hawkins,6,D#
jazz.00073.wav,jazz,"Scrapple From The Apple (feat. Bud Powell, Pierre Michelot & Kenny Clarke)",Dexter Gordon,8,F
jazz.00074.wav,jazz,"Willow Weep For Me (feat. Bud Powell, Pierre Michelot & Kenny Clarke)",Dexter Gordon,10,G
jazz.00075.wav,jazz,"Broadway (feat. Bud Powell, Pierre Michelot & Kenny Clarke)",Dexter Gordon,1,A#
jazz.00076.wav,jazz,"Stairway To The Stars (feat. Bud Powell, Pierre Michelot & Kenny Clarke)",Dexter Gordon,3,C
jazz.00077.wav,jazz,"A Night In Tunisia (feat. Bud Powell, Pierre Michelot & Kenny Clarke)",Dexter Gordon,8,F
jazz.00078.wav,jazz,Our Love Is Here To Stay,Dexter Gordon,8,F
jazz.00079.wav,jazz,Sister Cheryl,Tony Williams,7,E
jazz.00080.wav,jazz,Life of the Party,Tony Williams,17,Dm
jazz.00081.wav,jazz,Geo Rose,Tony Williams,17,Dm
jazz.00082.wav,jazz,The Slump,Tony Williams,10,G
jazz.00083.wav,jazz,Red Mask,Tony Williams,-1,unknown/modulation
jazz.00084.wav,jazz,Juicy Fruit,Tony Williams,22,Gm
jazz.00085.wav,jazz,Crystal Palace,Tony Williams,18,D#m
jazz.00086.wav,jazz,Blackbird,Tony Williams,10,G
jazz.00087.wav,jazz,So What,Miles Davis,17,Dm
jazz.00088.wav,jazz,Freddie Freeloader,Miles Davis,1,A#
jazz.00089.wav,jazz,Blue In Green,Miles Davis,17,Dm
jazz.00090.wav,jazz,All Blues,Miles Davis,17,Dm
jazz.00091.wav,jazz,Flamenco Sketches,Miles Davis,-1,unknown/modulation
jazz.00092.wav,jazz,Flamenco Sketches (Alternate Take),Miles Davis,3,C
jazz.00093.wav,jazz,Brazilian Affair,Bob Mintzer Big Band,-1,unknown/modulation
jazz.00094.wav,jazz,Miles Ahead,Joe Henderson,3,C
jazz.00095.wav,jazz,Joshua,Joe Henderson,3,C
jazz.00096.wav,jazz,Pfrancing (No Blues),Joe Henderson,14,Bm
jazz.00097.wav,jazz,Flamenco Sketches,Joe Henderson,-1,unknown/modulation
jazz.00098.wav,jazz,Milestones,Joe Henderson,-1,unknown/modulation
jazz.00099.wav,jazz,Teo,Joe Henderson,20,Fm
metal.00000.wav,metal,Mindtraveller,Falconer,22,Gm
metal.00001.wav,metal,Beyond the Black Hole,Gamma Ray,18,D#m
metal.00002.wav,metal,Flight of Icarus,Iron Maiden,21,F#m
metal.00003.wav,metal,Metal Thrashing Mad,Anthrax,12,Am
metal.00004.wav,metal,Of Chaos and Eternal Night,Dark Tranquillity,22,Gm
metal.00005.wav,metal,Wasted Years (2015 Remaster),Iron Maiden,19,Em
metal.00006.wav,metal,Theatre of Pain (Remastered 2007),Blind Guardian,13,A#m
metal.00007.wav,metal,Die By My Hand,Coroner,21,F#m
metal.00008.wav,metal,Balls to the Wall,Accept,19,Em
metal.00009.wav,metal,Angel's Retreat,Tvangeste,17,Dm
metal.00010.wav,metal,My Faeryland Forgotten,Dark Tranquillity,-1,unknown/modulation
metal.00011.wav,metal,Unknown Title,Unknown Artist,-1,unknown/modulation
metal.00012.wav,metal,"Away, Delight, Away",Dark Tranquillity,12,Am
metal.00013.wav,metal,Of Chaos and Eternal Night,Dark Tranquillity,12,Am
metal.00014.wav,metal,With the Flaming Shades of Fall,Dark Tranquillity,14,Bm
metal.00015.wav,metal,Nightfall By the Shore of Time,Dark Tranquillity,-1,unknown/modulation
metal.00016.wav,metal,Disciple,Slayer,16,C#m
metal.00017.wav,metal,Angel Of Death,Slayer,18,D#m
metal.00018.wav,metal,Darkness of Christ,Slayer,16,C#m
metal.00019.wav,metal,Piece By Piece,Slayer,18,D#m
metal.00020.wav,metal,Necrophobic,Slayer,23,G#m
metal.00021.wav,metal,I'm Eighteen,Anthrax,19,Em
metal.00022.wav,metal,Crazy Train,Ozzy Osbourne,0,A
metal.00023.wav,metal,Unknown Title,Unknown Artist,15,Cm
metal.00024.wav,metal,Kinescope,Jacob's Dream,14,Bm
metal.00025.wav,metal,Peace Sells,Megadeth,19,Em
metal.00026.wav,metal,Across the River,Anthrax,19,Em
metal.00027.wav,metal,Got The Time,Anthrax,13,A#m
metal.00028.wav,metal,Ace of Spades,Motorrhead,18,D#m
metal.00029.wav,metal,Glamour Boys,Living Colour,1,A#
metal.00030.wav,metal,Trust,Megadeth,19,Em
metal.00031.wav,metal,Born to Raise Hell,Mot√∂rhead,23,G#m
metal.00032.wav,metal,Blackout,Scorpions,19,Em
metal.00033.wav,metal,Enter Sandman,Mot√∂rhead,19,Em
metal.00034.wav,metal,The Trooper,Iron Maiden,19,Em
metal.00035.wav,metal,Bloodline,Slayer,16,C#m
metal.00036.wav,metal,In a Gadda Da Vida,Slayer,-1,unknown/modulation
metal.00037.wav,metal,And the Bands Played On,Saxon,18,D#m
metal.00038.wav,metal,...And Justice for All,Metallica,-1,unknown/modulation
metal.00039.wav,metal,Unknown Title,Unknown Artist,23,G#m
metal.00040.wav,metal,Stand Up and Shout,Dio,12,Am
metal.00041.wav,metal,Gypsy,Dio,12,Am
metal.00042.wav,metal,Caught In the Middle,Dio,12,Am
metal.00043.wav,metal,Straight Through the Heart,Dio,21,F#m
metal.00044.wav,metal,Rainbow In the Dark,Dio,12,Am
metal.00045.wav,metal,Shame On the Night,Dio,12,Am
metal.00046.wav,metal,Hammerless Nail,New Bomb Turks,13,A#m
metal.00047.wav,metal,Bachelor's High,New Bomb Turks,17,Dm
metal.00048.wav,metal,Professional Againster,New Bomb Turks,4,C#
metal.00049.wav,metal,Cultural Elite Sign - Up Sheet,New Bomb Turks,12,Am
metal.00050.wav,metal,Jukebox Lean,New Bomb Turks,12,Am
metal.00051.wav,metal,Jeers of a Clown,New Bomb Turks,-1,unknown/modulation
metal.00052.wav,metal,Look Alive Jive,New Bomb Turks,12,Am
metal.00053.wav,metal,Staring Down the Gift Horse,New Bomb Turks,12,Am
metal.00054.wav,metal,Shoot the Offshoot,New Bomb Turks,23,G#m
metal.00055.wav,metal,Drop What You're Doin',New Bomb Turks,14,Bm
metal.00056.wav,metal,Telephone Numbrrr,New Bomb Turks,2,B
metal.00057.wav,metal,Wrest Your Hands,New Bomb Turks,14,Bm
metal.00058.wav,metal,Tie Your Mother Down (Live),Queen,12,Am
metal.00059.wav,metal,Tear It Up (Live),Queen,12,Am
metal.00060.wav,metal,We Will Rock You (Live),Queen,19,Em
metal.00061.wav,metal,Stand Up and Shout,Dio,12,Am
metal.00062.wav,metal,Gypsy,Dio,12,Am
metal.00063.wav,metal,Caught In the Middle,Dio,12,Am
metal.00064.wav,metal,Straight Through the Heart,Dio,21,F#m
metal.00065.wav,metal,Rainbow In the Dark,Dio,12,Am
metal.00066.wav,metal,Shame On the Night,Dio,12,Am
metal.00067.wav,metal,Big Gun,AC/DC,19,Em
metal.00068.wav,metal,Breaking the Law,Judas Priest,12,Am
metal.00069.wav,metal,Paranoid,Black Sabbath,19,Em
metal.00070.wav,metal,Highway to Hell,AC/DC,23,G#m
metal.00071.wav,metal,Pour Some Sugar On Me,Def Leppard,16,C#m
metal.00072.wav,metal,Unknown Title,Unknown Artist,22,Gm
metal.00073.wav,metal,The Memory Remains (feat. Marianne Faithfull),Metallica,18,D#m
metal.00074.wav,metal,Unknown Title,Unknown Artist,16,C#m
metal.00075.wav,metal,Until It Sleeps,Metallica,23,G#m
metal.00076.wav,metal,Seek & Destroy,Metallica,19,Em
metal.00077.wav,metal,Hell Patrol,Judas Priest,14,Bm
metal.00078.wav,metal,Prince Charming,Metallica,18,D#m
metal.00079.wav,metal,Photograph,Def Leppard,-1,unknown/modulation
metal.00080.wav,metal,Rocket,Def Leppard,21,F#m
metal.00081.wav,metal,Live and Let Die,Guns N' Roses,21,F#m
metal.00082.wav,metal,Welcome to the Jungle,Guns N' Roses,18,D#m
metal.00083.wav,metal,For Whom the Bell Tolls,Metallica,19,Em
metal.00084.wav,metal,Shock the Monkey,Coal Chamber,15,Cm
metal.00085.wav,metal,Unknown Title,Unknown Artist,21,F#m
metal.00086.wav,metal,You Give Love a Bad Name,Bon Jovi,15,Cm
metal.00087.wav,metal,So What,Metallica,12,Am
metal.00088.wav,metal,Twist of Cain,Danzig,12,Am
metal.00089.wav,metal,Apokalips,Danzig,18,D#m
metal.00090.wav,metal,Symptom of the Universe,Black Sabbath,19,Em
metal.00091.wav,metal,Sabbath Bloody Sabbath,Black Sabbath,16,C#m
metal.00092.wav,metal,Run to the Hills (2015 Remaster),Iron Maiden,12,Am
metal.00093.wav,metal,Phantom of the Opera,Iron Maiden,19,Em
metal.00094.wav,metal,The Trooper,Iron Maiden,19,Em
metal.00095.wav,metal,Bombtrack,Rage Against the Machine,21,F#m
metal.00096.wav,metal,Killing In The Name,Rage Against the Machine,17,Dm
metal.00097.wav,metal,Wake Up,Rage Against the Machine,17,Dm
metal.00098.wav,metal,Fistful Of Steel,Rage Against the Machine,21,F#m
metal.00099.wav,metal,Freedom,Rage Against the Machine,17,Dm
pop.00000.wav,pop,Mammagamma (Extended Version),Axel Force,17,Dm
pop.00001.wav,pop,Wasting My Time,Spice Girls,20,Fm
pop.00002.wav,pop,My All (Classic Radio Club Mix),Mariah Carey,22,Gm
pop.00003.wav,pop,Hand In My Pocket,Alanis Morissette,10,G
pop.00004.wav,pop,Head Over Feet,Alanis Morissette,-1,unknown/modulation
pop.00005.wav,pop,Ironic,Alanis Morissette,2,B
pop.00006.wav,pop,Unknown Title,Unknown Artist,3,C
pop.00007.wav,pop,Uninvited,Alanis Morissette,17,Dm
pop.00008.wav,pop,You Learn,Alanis Morissette,11,G#
pop.00009.wav,pop,You Oughta Know,Alanis Morissette,21,F#m
pop.00010.wav,pop,Every Breath You Take,Robert Downey Jr. And Sting,0,A
pop.00011.wav,pop,The Prayer,Andrea Bocelli & Celine Dion,8,F
pop.00012.wav,pop,A Natural Woman,"Aretha Franklin, Carole King, Celine Dion, Gloria Estefan, Mariah Carey & Shania Twain",-1,unknown/modulation
pop.00013.wav,pop,Every Time I Close My Eyes,"Babyface, Mariah Carey, Kenny G & Sheila E.",8,F
pop.00014.wav,pop,Unknown Title,Unknown Artist,11,G#
pop.00015.wav,pop,(You Drive Me) Crazy,Britney Spears,15,Cm
pop.00016.wav,pop,(I Can't Get No) Satisfaction,Britney Spears,18,D#m
pop.00017.wav,pop,(I Can't Get No) Satisfaction,Britney Spears,9,F#
pop.00018.wav,pop,Autumn Goodbye (2009 Remaster),Britney Spears,11,G#
pop.00019.wav,pop,...Baby One More Time,Britney Spears,15,Cm
pop.00020.wav,pop,Can't Make You Love Me,Britney Spears,15,Cm
pop.00021.wav,pop,Crazy,Britney Spears,15,Cm
pop.00022.wav,pop,(You Drive Me) Crazy,Britney Spears,15,Cm
pop.00023.wav,pop,I'm So Curious (2009 Remaster),Britney Spears,3,C
pop.00024.wav,pop,Deep In My Heart,Britney Spears,-1,unknown/modulation
pop.00025.wav,pop,From the Bottom of My Broken Heart,Britney Spears,10,G
pop.00026.wav,pop,I'll Never Stop Loving You (2009 Remaster),Britney Spears,3,C
pop.00027.wav,pop,Born to Make You Happy,Britney Spears,14,Bm
pop.00028.wav,pop,I Will Be There,Britney Spears,6,D#
pop.00029.wav,pop,I Will Still Love You (With Don Phillip),Britney Spears,4,C#
pop.00030.wav,pop,Lucky,Britney Spears,4,C#
pop.00031.wav,pop,Lucky,Britney Spears,4,C#
pop.00032.wav,pop,Oops!...I Did It Again,Britney Spears,16,C#m
pop.00033.wav,pop,The Joy Of Pepsi,Britney Spears,3,C
pop.00034.wav,pop,Sometimes,Britney Spears,1,A#
pop.00035.wav,pop,Stronger,Britney Spears,-1,unknown/modulation
pop.00036.wav,pop,Thinkin' About You,Britney Spears,3,C
pop.00037.wav,pop,(You Drive Me) Crazy,Britney Spears,15,Cm
pop.00038.wav,pop,What U See (Is What U Get),Britney Spears,16,C#m
pop.00039.wav,pop,Dreamin' of You,Celine Dion,7,E
pop.00040.wav,pop,I Want You to Need Me,Celine Dion,1,A#
pop.00041.wav,pop,A Whole New World (Aladdin's Theme),Peabo Bryson & Regina Belle,1,A#
pop.00042.wav,pop,That's the Way It Is,Celine Dion,16,C#m
pop.00043.wav,pop,Believe,Cher,9,F#
pop.00044.wav,pop,Come On Over (All I Want Is You),Christina Aguilera,6,D#
pop.00045.wav,pop,Genie In a Bottle,Christina Aguilera,20,Fm
pop.00046.wav,pop,Genie In a Bottle,Christina Aguilera,20,Fm
pop.00047.wav,pop,Lady Marmalade,"Christina Aguilera, Lil' Kim, M√Ωa & P!nk",22,Gm
pop.00048.wav,pop,Unknown Title,Unknown Artist,22,Gm
pop.00049.wav,pop,Pero Me Acuerdo de T√≠,Christina Aguilera,9,F#
pop.00050.wav,pop,What a Girl Wants,Christina Aguilera,0,A
pop.00051.wav,pop,Lady Marmalade,"Christina Aguilera, Lil' Kim, M√Ωa & P!nk",22,Gm
pop.00052.wav,pop,Bootylicious,Destiny's Child,18,D#m
pop.00053.wav,pop,#262: Miracle Cures,This American Life,2,B
pop.00054.wav,pop,Bootylicious (Rockwilder Remix),Destiny's Child,15,Cm
pop.00055.wav,pop,Bug a Boo (H-Town Screwed Mix) [#1's Edit],Destiny's Child,23,G#m
pop.00056.wav,pop,"Jumpin', Jumpin'",Destiny's Child,16,C#m
pop.00057.wav,pop,Bootylicious,Destiny's Child,18,D#m
pop.00058.wav,pop,"Independent Women, Pt. 1",Destiny's Child,21,F#m
pop.00059.wav,pop,"Jumpin', Jumpin'",Destiny's Child,16,C#m
pop.00060.wav,pop,Bootylicious (Rockwilder Remix),Destiny's Child,15,Cm
pop.00061.wav,pop,Apple Pie √† la Mode,Destiny's Child,12,Am
pop.00062.wav,pop,Survivor,Destiny's Child,23,G#m
pop.00063.wav,pop,Unknown Title,Unknown Artist,15,Cm
pop.00064.wav,pop,If It Don't Fit (Thunder Dub),Abigail,-1,unknown/modulation
pop.00065.wav,pop,Channels for Success,Jokers of the Scene,8,F
pop.00066.wav,pop,Could I Have This Kiss Forever (Baladas),Whitney Houston And Enrique Iglesias,-1,unknown/modulation
pop.00067.wav,pop,All For You,Janet Jackson,19,Em
pop.00068.wav,pop,Someone to Call My Lover,Janet Jackson,5,D
pop.00069.wav,pop,If,Janet Jackson,19,Em
pop.00070.wav,pop,I Get Lonely,Janet Jackson,17,Dm
pop.00071.wav,pop,All For You,Janet Jackson,19,Em
pop.00072.wav,pop,Miss You Much,Janet Jackson,20,Fm
pop.00073.wav,pop,Someone to Call My Lover,Janet Jackson,14,Bm
pop.00074.wav,pop,I'm Real (Remix) [feat. Ja Rule],Jennifer Lopez,14,Bm
pop.00075.wav,pop,If You Had My Love,Jennifer Lopez,14,Bm
pop.00076.wav,pop,Dance With Me,Jennifer Lopez,21,F#m
pop.00077.wav,pop,I'm Real,Jennifer Lopez,8,F
pop.00078.wav,pop,Play,Jennifer Lopez,23,G#m
pop.00079.wav,pop,Cloudbusting,Kate Bush,2,B
pop.00080.wav,pop,Lady Marmalade,"Christina Aguilera, Lil' Kim, M√Ωa & P!nk",22,Gm
pop.00081.wav,pop,Leaning on the Everlasting Arm,Ladysmith Black Mambazo,8,F
pop.00082.wav,pop,If You Had My Love (Pablo Flores Remix),Jennifer Lopez,14,Bm
pop.00083.wav,pop,American Pie,Madonna,11,G#
pop.00084.wav,pop,Don't Tell Me,Madonna,5,D
pop.00085.wav,pop,Music,Madonna,22,Gm
pop.00086.wav,pop,Cherish,Madonna,5,D
pop.00087.wav,pop,Crush,Mandy Moore,10,G
pop.00088.wav,pop,Candy,Mandy Moore,5,D
pop.00089.wav,pop,Candy,Mandy Moore,5,D
pop.00090.wav,pop,Crush,Mandy Moore,10,G
pop.00091.wav,pop,Everything My Heart Desires,Mandy Moore,14,Bm
pop.00092.wav,pop,In My Pocket,Mandy Moore,15,Cm
pop.00093.wav,pop,Retro City,JosiahD3,15,Cm
pop.00094.wav,pop,I Wanna Be With You,Mandy Moore,6,D#
pop.00095.wav,pop,Love You for Always,Mandy Moore,3,C
pop.00096.wav,pop,Quit Breaking My Heart,Mandy Moore,1,A#
pop.00097.wav,pop,Sweetheart (feat. Jermaine Dupri),Mariah Carey,17,Dm
pop.00098.wav,pop,Emotions,Mariah Carey,12,Am
pop.00099.wav,pop,Always Be My Baby,Mariah Carey,7,E
reggae.00000.wav,reggae,Is This Love,Bob Marley & The Wailers,21,F#m
reggae.00001.wav,reggae,"No Woman, No Cry (Live at the Lyceum, London/1975)",Bob Marley & The Wailers,4,C#
reggae.00002.wav,reggae,Could You Be Loved,Bob Marley & The Wailers,14,Bm
reggae.00003.wav,reggae,Three Little Birds,Bob Marley & The Wailers,0,A
reggae.00004.wav,reggae,Buffalo Soldier,Bob Marley & The Wailers,0,A
reggae.00005.wav,reggae,"Get Up, Stand Up",Bob Marley & The Wailers,15,Cm
reggae.00006.wav,reggae,Stir It Up,Bob Marley & The Wailers,0,A
reggae.00007.wav,reggae,One Love / People Get Ready,Bob Marley & The Wailers,1,A#
reggae.00008.wav,reggae,I Shot The Sheriff,Bob Marley & The Wailers,22,Gm
reggae.00009.wav,reggae,Waiting In Vain,Bob Marley & The Wailers,11,G#
reggae.00010.wav,reggae,Redemption Song,Bob Marley & The Wailers,10,G
reggae.00011.wav,reggae,Satisfy My Soul,Bob Marley & The Wailers,10,G
reggae.00012.wav,reggae,Exodus,Bob Marley & The Wailers,12,Am
reggae.00013.wav,reggae,Jamming,Bob Marley & The Wailers,14,Bm
reggae.00014.wav,reggae,Natural Mystic,Bob Marley & The Wailers,12,Am
reggae.00015.wav,reggae,Easy Skanking,Bob Marley & The Wailers,1,A#
reggae.00016.wav,reggae,Iron Lion Zion,Bob Marley & The Wailers,14,Bm
reggae.00017.wav,reggae,Crazy Baldhead,Bob Marley & The Wailers,21,F#m
reggae.00018.wav,reggae,So Much Trouble In The World,Bob Marley & The Wailers,12,Am
reggae.00019.wav,reggae,War,Bob Marley & The Wailers,13,A#m
reggae.00020.wav,reggae,Africa Unite,Bob Marley & The Wailers,10,G
reggae.00021.wav,reggae,Trenchtown Rock (Live 1975),Bob Marley,3,C
reggae.00022.wav,reggae,Keep On Moving,Bob Marley & The Wailers,0,A
reggae.00023.wav,reggae,Sun Is Shining,Bob Marley,18,D#m
reggae.00024.wav,reggae,Who the Cap Fit,Bob Marley & The Wailers,1,A#
reggae.00025.wav,reggae,One Drop,Bob Marley & The Wailers,3,C
reggae.00026.wav,reggae,"Roots, Rock, Reggae",Bob Marley & The Wailers,14,Bm
reggae.00027.wav,reggae,Pimper's Paradise,Bob Marley & The Wailers,12,Am
reggae.00028.wav,reggae,Dub Creation,Burning Spear,4,C#
reggae.00029.wav,reggae,Africa,Burning Spear,14,Bm
reggae.00030.wav,reggae,Stand,Burning Spear,4,C#
reggae.00031.wav,reggae,Not Stupid,Burning Spear,3,C
reggae.00032.wav,reggae,Remember,Burning Spear,22,Gm
reggae.00033.wav,reggae,Burning Reggae,Burning Spear,6,D#
reggae.00034.wav,reggae,Rasta Business,Burning Spear,15,Cm
reggae.00035.wav,reggae,Dub Old Timer,Burning Spear,22,Gm
reggae.00036.wav,reggae,Subject In School,Burning Spear,21,F#m
reggae.00037.wav,reggae,Hello Rastaman,Burning Spear,5,D
reggae.00038.wav,reggae,Investigation Dub,Burning Spear,7,E
reggae.00039.wav,reggae,World Dub,Burning Spear,21,F#m
reggae.00040.wav,reggae,Loving Day,Burning Spear,5,D
reggae.00041.wav,reggae,Israelites,Desmond Dekker & The Aces,1,A#
reggae.00042.wav,reggae,Dry & Heavy,Burning Spear,10,G
reggae.00043.wav,reggae,Reggae Hit the Town,The Ethiopians,3,C
reggae.00044.wav,reggae,Burning Reggae,Burning Spear,6,D#
reggae.00045.wav,reggae,Unfaithful Baby - Original,The Heptones,-1,unknown/modulation
reggae.00046.wav,reggae,It's Magic,Dennis Brown,2,B
reggae.00047.wav,reggae,Money In My Pocket,Dennis Brown,8,F
reggae.00048.wav,reggae,Westbound Train (Extended),Dennis Brown,22,Gm
reggae.00049.wav,reggae,007 (Shanty Town),Desmond Dekker,11,G#
reggae.00050.wav,reggae,Identity,Burning Spear,2,B
reggae.00051.wav,reggae,Eyes of the Night,Jamie Jones & Darius Syrossian,-1,unknown/modulation
reggae.00052.wav,reggae,Ghetto Supastar (That Is What You Are),Pras,21,F#m
reggae.00053.wav,reggae,Jah Dread,Rockers All Stars,17,Dm
reggae.00054.wav,reggae,Three Little Birds,Bob Marley & The Wailers,0,A
reggae.00055.wav,reggae,Sun Is Shining (Extended Club Mix),Bob Marley,19,Em
reggae.00056.wav,reggae,"Get Up, Stand Up",Bob Marley & The Wailers,15,Cm
reggae.00057.wav,reggae,I Shot The Sheriff,Bob Marley & The Wailers,22,Gm
reggae.00058.wav,reggae,Jamming,Bob Marley & The Wailers,14,Bm
reggae.00059.wav,reggae,One Love / People Get Ready,Bob Marley & The Wailers,1,A#
reggae.00060.wav,reggae,Redemption Song,Bob Marley & The Wailers,10,G
reggae.00061.wav,reggae,Living Dangerously,Barrington Levy & Bounty Killer,4,C#
reggae.00062.wav,reggae,Jah Is My Driver (Remastered),Burning Spear,14,Bm
reggae.00063.wav,reggae,Marcus Garvey,Burning Spear,17,Dm
reggae.00064.wav,reggae,Make It Easy,Dennis Brown,0,A
reggae.00065.wav,reggae,Rub a Dub All the Time (A.k.A. If This World Were Mine),Dennis Brown,13,A#m
reggae.00066.wav,reggae,Sitting and Watching,Dennis Brown,12,Am
reggae.00067.wav,reggae,Some Like It Hot,Dennis Brown,17,Dm
reggae.00068.wav,reggae,Wolf & Leopards / Nosey Joe,Dennis Brown & Bongo Herman,10,G
reggae.00069.wav,reggae,Israelites,Desmond Dekker & The Aces,1,A#
reggae.00070.wav,reggae,John Law,"Freddie McGregor, Gregory Isaacs & Ninjaman",22,Gm
reggae.00071.wav,reggae,Big Ship,Freddie McGregor,8,F
reggae.00072.wav,reggae,Prophecy,Freddie McGregor,5,D
reggae.00073.wav,reggae,Hip-Hopera,Fugees & Bounty Killer,21,F#m
reggae.00074.wav,reggae,Hip-Hopera,Fugees & Bounty Killer,21,F#m
reggae.00075.wav,reggae,Legalize It,Peter Tosh,3,C
reggae.00076.wav,reggae,Night Nurse,Simply Red,12,Am
reggae.00077.wav,reggae,The Border (Live),Gregory Isaacs,12,Am
reggae.00078.wav,reggae,Universal Tribulation,Gregory Isaacs,22,Gm
reggae.00079.wav,reggae,Chicken Halk Dub,Niney the Observer,-1,unknown/modulation
reggae.00080.wav,reggae,Here Comes the Hotstepper (Heartical Mix),Ini Kamoze,14,Bm
reggae.00081.wav,reggae,Here Comes the Hotstepper (Heartical Mix),Ini Kamoze,14,Bm
reggae.00082.wav,reggae,Here Comes the Hotstepper (Heartical Mix),Ini Kamoze,17,Dm
reggae.00083.wav,reggae,"Many Rivers To Cross (From ""The Harder They Come"" Soundtrack)",Jimmy Cliff,8,F
reggae.00084.wav,reggae,The Harder They Come,Jimmy Cliff,4,C#
reggae.00085.wav,reggae,Judge Dread,Prince Buster,3,C
reggae.00086.wav,reggae,Splash Out Dub,King Tubby,12,Am
reggae.00087.wav,reggae,Turn Your Lights Down Low (feat. Lauryn Hill),Bob Marley,12,Am
reggae.00088.wav,reggae,Electric Boogie,Marcia Griffiths,4,C#
reggae.00089.wav,reggae,Boney Dog,Peter Tosh,11,G#
reggae.00090.wav,reggae,Ketchy Shuby,Peter Tosh,10,G
reggae.00091.wav,reggae,Legalize It,Peter Tosh,10,G
reggae.00092.wav,reggae,Legalize It,Peter Tosh,10,G
reggae.00093.wav,reggae,(You Gotta Walk) Don't Look Back (Live),Peter Tosh,10,G
reggae.00094.wav,reggae,Ten Commandments,Prince Buster,6,D#
reggae.00095.wav,reggae,Madness,Prince Buster,3,C
reggae.00096.wav,reggae,Barrister Pardon,Prince Buster,3,C
reggae.00097.wav,reggae,Here Comes The Bride,Prince Buster,8,F
reggae.00098.wav,reggae,Don't Throw Stones,Prince Buster,15,Cm
reggae.00099.wav,reggae,Al Capone,Prince Buster,8,F
rock.00000.wav,rock,Potion,Morphine,17,Dm
rock.00001.wav,rock,I Know You (Pt. III),Morphine,12,Am
rock.00002.wav,rock,Early to Bed,Morphine,17,Dm
rock.00003.wav,rock,Wishing Well,Morphine,12,Am
rock.00004.wav,rock,Like Swimming,Morphine,12,Am
rock.00005.wav,rock,Murder For the Money,George S. Clinton & Morphine,12,Am
rock.00006.wav,rock,French Fries W- Pepper,Morphine,18,D#m
rock.00007.wav,rock,Empty Box,Morphine,17,Dm
rock.00008.wav,rock,Eleven O'clock,Morphine,12,Am
rock.00009.wav,rock,Hanging On a Curtain,Morphine,15,Cm
rock.00010.wav,rock,Worthy,Ani DiFranco,5,D
rock.00011.wav,rock,Cradle and All,Ani DiFranco,11,G#
rock.00012.wav,rock,Shy,Ani DiFranco,21,F#m
rock.00013.wav,rock,32 Flavors,Ani DiFranco,1,A#
rock.00014.wav,rock,Asking Too Much,Ani DiFranco,19,Em
rock.00015.wav,rock,Coming Up,Ani DiFranco,22,Gm
rock.00016.wav,rock,Tie Your Mother Down (Live),Queen,12,Am
rock.00017.wav,rock,Under Pressure (Live),Queen,5,D
rock.00018.wav,rock,Another One Bites the Dust (Live),Queen,19,Em
rock.00019.wav,rock,I Want To Break Free (Live),Queen,7,E
rock.00020.wav,rock,(You're So Square) Baby I Don't Care (Live),Queen,6,D#
rock.00021.wav,rock,Hello Mary Lou (Goodbye Heart) [Live],Queen,4,C#
rock.00022.wav,rock,Tear It Up,Queen,6,D#
rock.00023.wav,rock,Bohemian Rhapsody (Live),Queen,6,D#
rock.00024.wav,rock,Who Wants to Live Forever,Queen,5,D
rock.00025.wav,rock,Big Spender (Live),Queen,12,Am
rock.00026.wav,rock,Radio Ga Ga (Live),Queen,8,F
rock.00027.wav,rock,Good Vibrations,The Beach Boys,18,D#m
rock.00028.wav,rock,Jumpin' Jack Flash,The Rolling Stones,13,A#m
rock.00029.wav,rock,Street Fighting Man,The Rolling Stones,-1,unknown/modulation
rock.00030.wav,rock,Sympathy For The Devil,The Rolling Stones,7,E
rock.00031.wav,rock,Honky Tonk Women,The Rolling Stones,10,G
rock.00032.wav,rock,All My Love,Led Zeppelin,12,Am
rock.00033.wav,rock,Gimme Shelter,The Rolling Stones,16,C#m
rock.00034.wav,rock,Space Oddity,David Bowie,3,C
rock.00035.wav,rock,Midnight Rambler (Live),The Rolling Stones,7,E
rock.00036.wav,rock,Movin' Out (Anthony's Song),Billy Joel,8,F
rock.00037.wav,rock,Brown Sugar,The Rolling Stones,3,C
rock.00038.wav,rock,Knockin' On Heaven's Door,Guns N' Roses,9,F#
rock.00039.wav,rock,The Song Remains the Same,Led Zeppelin,5,D
rock.00040.wav,rock,The Crunge,Led Zeppelin,3,C
rock.00041.wav,rock,Dancing Days,Led Zeppelin,3,C
rock.00042.wav,rock,D'yer Mak'er,Led Zeppelin,3,C
rock.00043.wav,rock,The Ocean,Led Zeppelin,12,Am
rock.00044.wav,rock,Down By the Seaside,Led Zeppelin,3,C
rock.00045.wav,rock,Ten Years Gone,Led Zeppelin,0,A
rock.00046.wav,rock,Night Flight,Led Zeppelin,-1,unknown/modulation
rock.00047.wav,rock,The Wanton Song,Led Zeppelin,22,Gm
rock.00048.wav,rock,Boogie With Stu,Led Zeppelin,0,A
rock.00049.wav,rock,Real Life,Simple Minds,21,F#m
rock.00050.wav,rock,See the Lights,Simple Minds,4,C#
rock.00051.wav,rock,Let There Be Love,Simple Minds,4,C#
rock.00052.wav,rock,Woman,Simple Minds,23,G#m
rock.00053.wav,rock,Stand By Love,Simple Minds,3,C
rock.00054.wav,rock,African Skies,Simple Minds,15,Cm
rock.00055.wav,rock,African Skies,Simple Minds,12,Am
rock.00056.wav,rock,Ghostrider,Simple Minds,0,A
rock.00057.wav,rock,If You Love Somebody Set Them Free,Sting,17,Dm
rock.00058.wav,rock,Russians,Sting,15,Cm
rock.00059.wav,rock,Children's Crusade,Sting,14,Bm
rock.00060.wav,rock,Shadows In the Rain,Sting,12,Am
rock.00061.wav,rock,We Work the Black Seam,Sting,12,Am
rock.00062.wav,rock,Consider Me Gone,Sting,16,C#m
rock.00063.wav,rock,Moon Over Bourbon Street,Sting,15,Cm
rock.00064.wav,rock,Living In the Past,Jethro Tull,3,C
rock.00065.wav,rock,Aqualung,Jethro Tull,8,F
rock.00066.wav,rock,Too Old To Rock 'N' Roll: Too Young To Die!,Jethro Tull,10,G
rock.00067.wav,rock,Bungle In the Jungle,Jethro Tull,14,Bm
rock.00068.wav,rock,Sweet Dream,Jethro Tull,12,Am
rock.00069.wav,rock,Witches Promise,Jethro Tull,12,Am
rock.00070.wav,rock,Life Is a Long Song,Jethro Tull,0,A
rock.00071.wav,rock,Something Got Me Started,Simply Red,17,Dm
rock.00072.wav,rock,Stars,Simply Red,10,G
rock.00073.wav,rock,Thrill Me,Simply Red,22,Gm
rock.00074.wav,rock,Your Mirror,Simply Red,10,G
rock.00075.wav,rock,She's Got It Bad,Simply Red,19,Em
rock.00076.wav,rock,For Your Babies,Simply Red,0,A
rock.00077.wav,rock,Freedom,Simply Red,23,G#m
rock.00078.wav,rock,Wonderland,Simply Red,3,C
rock.00079.wav,rock,High On You,Survivor,10,G
rock.00080.wav,rock,Is This Love,Survivor,6,D#
rock.00081.wav,rock,Poor Man's Son,Survivor,15,Cm
rock.00082.wav,rock,Burning Heart,Survivor,3,C
rock.00083.wav,rock,Desparate Dreams,Survivor,14,Bm
rock.00084.wav,rock,How Much Love,Survivor,10,G
rock.00085.wav,rock,Man Against the World,Survivor,8,F
rock.00086.wav,rock,Jessie's Girl,Rick Springfield,5,D
rock.00087.wav,rock,Rockin' In the Free World,Neil Young,10,G
rock.00088.wav,rock,The Stroke,Billy Squier,17,Dm
rock.00089.wav,rock,Against the Wind,Bob Seger & The Silver Bullet Band,10,G
rock.00090.wav,rock,The Lion Sleeps Tonight,The Tokens,8,F
rock.00091.wav,rock,She Bangs the Drums,The Stone Roses,0,A
rock.00092.wav,rock,Elephant Stone,The Stone Roses,11,G#
rock.00093.wav,rock,Waterfall,The Stone Roses,9,F#
rock.00094.wav,rock,Don't Stop,The Stone Roses,9,F#
rock.00095.wav,rock,Bye Bye Bad Man,The Stone Roses,5,D
rock.00096.wav,rock,(Song for My) Sugar Spun Sister (Remastered),The Stone Roses,0,A
rock.00097.wav,rock,Made of Stone,The Stone Roses,10,G
rock.00098.wav,rock,Shoot You Down,The Stone Roses,3,C
rock.00099.wav,rock,This Is the One,The Stone Roses,7,E